round,player,move,redPoints,bluePoints,yellowPoints,greenPoints,moveNote,origin,destination,piece,capture,redMaterial,blueMaterial,yellowMaterial,greenMaterial,redNumPieces,blueNumPieces,yellowNumPieces,greenNumPieces,checkmate_target
1,red,e3,0,0,0,0,e2-e3,e2,e3,Pawn,0,43,43,43,43,16,16,16,16,
1,blue,c8,0,0,0,0,b8-c8,b8,c8,Pawn,0,43,43,43,43,16,16,16,16,
1,yellow,g11,0,0,0,0,g13-g11,g13,g11,Pawn,0,43,43,43,43,16,16,16,16,
1,green,Nl6,0,0,0,0,Nn5-l6,n5,l6,Knight,0,43,43,43,43,16,16,16,16,
2,red,f4,0,0,0,0,f2-f4,f2,f4,Pawn,0,43,43,43,43,16,16,16,16,
2,blue,c9,0,0,0,0,b9-c9,b9,c9,Pawn,0,43,43,43,43,16,16,16,16,
2,yellow,Nf12,0,0,0,0,Ne14-f12,e14,f12,Knight,0,43,43,43,43,16,16,16,16,
2,green,Nl9,0,0,0,0,Nn10-l9,n10,l9,Knight,0,43,43,43,43,16,16,16,16,
3,red,g4,0,0,0,0,g2-g4,g2,g4,Pawn,0,43,43,43,43,16,16,16,16,
3,blue,c5,0,0,0,0,b5-c5,b5,c5,Pawn,0,43,43,43,43,16,16,16,16,
3,yellow,Bi11,0,0,0,0,Bf14-i11,f14,i11,Bishop,0,43,43,43,43,16,16,16,16,
3,green,k10,0,0,0,0,m10-k10,m10,k10,Pawn,0,43,43,43,43,16,16,16,16,
4,red,d3,0,0,0,0,d2-d3,d2,d3,Pawn,0,43,43,43,43,16,16,16,16,
4,blue,d4,0,0,0,0,b4-d4,b4,d4,Pawn,0,43,43,43,43,16,16,16,16,
4,yellow,h12,0,0,0,0,h13-h12,h13,h12,Pawn,0,43,43,43,43,16,16,16,16,
4,green,l11,0,0,0,0,m11-l11,m11,l11,Pawn,0,43,43,43,43,16,16,16,16,
5,red,e4,0,0,0,0,e3-e4,e3,e4,Pawn,0,43,43,43,43,16,16,16,16,
5,blue,Nb8,0,0,0,0,Na10-b8,a10,b8,Knight,0,43,43,43,43,16,16,16,16,
5,yellow,Bf11,0,0,0,0,Bi14-f11,i14,f11,Bishop,0,43,43,43,43,16,16,16,16,
5,green,k7,0,0,0,0,m7-k7,m7,k7,Pawn,0,43,43,43,43,16,16,16,16,
6,red,f5,0,0,0,0,f4-f5,f4,f5,Pawn,0,43,43,43,43,16,16,16,16,
6,blue,Bb5,0,0,0,0,Ba6-b5,a6,b5,Bishop,0,43,43,43,43,16,16,16,16,
6,yellow,Ni12,0,0,0,0,Nj14-i12,j14,i12,Knight,0,43,43,43,43,16,16,16,16,
6,green,l8,0,0,0,0,m8-l8,m8,l8,Pawn,0,43,43,43,43,16,16,16,16,
7,red,Ni3,0,0,0,0,Nj1-i3,j1,i3,Knight,0,43,43,43,43,16,16,16,16,
7,blue,Ba6,0,0,0,0,Bb5-a6,b5,a6,Bishop,0,43,43,43,43,16,16,16,16,
7,yellow,Be12+,0,0,0,0,Bf11-e12+,f11,e12,Bishop,0,43,43,43,43,16,16,16,16,
7,green,Qm8,0,0,0,0,Qn8-m8,n8,m8,Queen,0,43,43,43,43,16,16,16,16,
8,red,Bxm8+,0,0,0,0,Bf1xQm8+,f1,m8,Bishop,1,43,43,43,34,16,16,16,15,
8,blue,Nc10,9,0,0,0,Nb8-c10,b8,c10,Knight,0,43,43,43,34,16,16,16,15,
8,yellow,O-O,9,0,0,0,O-O,g14,e14,King,0,43,43,43,34,16,16,16,15,
8,green,Bxm8,9,0,0,0,Bn9xBm8,n9,m8,Bishop,1,38,43,43,34,15,16,16,15,
9,red,h3,9,0,0,5,h2-h3,h2,h3,Pawn,0,38,43,43,34,15,16,16,15,
9,blue,Bxi1,9,0,0,5,Ba9xBi1,a9,i1,Bishop,1,33,43,43,34,14,16,16,15,
9,yellow,Nj10,9,5,0,5,Ni12-j10,i12,j10,Knight,0,33,43,43,34,14,16,16,15,
9,green,j7,9,5,0,5,k7-j7,k7,j7,Pawn,0,33,43,43,34,14,16,16,15,
10,red,Rxi1,9,5,0,5,Rk1xBi1,k1,i1,Rook,1,33,38,43,34,14,15,16,15,
10,blue,c7,14,5,0,5,b7-c7,b7,c7,Pawn,0,33,38,43,34,14,15,16,15,
10,yellow,Bg10,14,5,0,5,Be12-g10,e12,g10,Bishop,0,33,38,43,34,14,15,16,15,
10,green,i7,14,5,0,5,j7-i7,j7,i7,Pawn,0,33,38,43,34,14,15,16,15,
11,red,h4,14,5,0,5,h3-h4,h3,h4,Pawn,0,33,38,43,34,14,15,16,15,
11,blue,d7,14,5,0,5,c7-d7,c7,d7,Pawn,0,33,38,43,34,14,15,16,15,
11,yellow,i12,14,5,0,5,i13-i12,i13,i12,Pawn,0,33,38,43,34,14,15,16,15,
11,green,h7,14,5,0,5,i7-h7,i7,h7,Pawn,0,33,38,43,34,14,15,16,15,
12,red,h5,14,5,0,5,h4-h5,h4,h5,Pawn,0,33,38,43,34,14,15,16,15,
12,blue,Bb7,14,5,0,5,Ba6-b7,a6,b7,Bishop,0,33,38,43,34,14,15,16,15,
12,yellow,Nh9,14,5,0,5,Nj10-h9,j10,h9,Knight,0,33,38,43,34,14,15,16,15,
12,green,j10,14,5,0,5,k10-j10,k10,j10,Pawn,0,33,38,43,34,14,15,16,15,
13,red,Nj1,14,5,0,5,Ni3-j1,i3,j1,Knight,0,33,38,43,34,14,15,16,15,
13,blue,Ne11,14,5,0,5,Nc10-e11,c10,e11,Knight,0,33,38,43,34,14,15,16,15,
13,yellow,Bj12,14,5,0,5,Bi11-j12,i11,j12,Bishop,0,33,38,43,34,14,15,16,15,
13,green,i10,14,5,0,5,j10-i10,j10,i10,Pawn,0,33,38,43,34,14,15,16,15,
14,red,Nh2,14,5,0,5,Nj1-h2,j1,h2,Knight,0,33,38,43,34,14,15,16,15,
14,blue,Nxg10,14,5,0,5,Ne11xBg10,e11,g10,Knight,1,33,38,38,34,14,15,15,15,
14,yellow,Nxg10,14,10,0,5,Nf12xNg10,f12,g10,Knight,1,33,35,38,34,14,14,15,15,
14,green,g7=Q,14,10,3,5,h7-g7=D,h7,g7,Queen,0,33,35,38,42,14,14,15,15,
15,red,g5,14,10,3,5,g4-g5,g4,g5,Pawn,0,33,35,38,42,14,14,15,15,
15,blue,c6,14,10,3,5,b6-c6,b6,c6,Pawn,0,33,35,38,42,14,14,15,15,
15,yellow,Nxg7,14,10,3,5,Nh9xQg7,h9,g7,Knight,1,33,35,38,33,14,14,15,14,
15,green,Kn8,14,10,4,5,Kn7-n8,n7,n8,King,0,33,35,38,33,14,14,15,14,
16,red,h6,14,10,4,5,h5-h6,h5,h6,Pawn,0,33,35,38,33,14,14,15,14,
16,blue,d6,14,10,4,5,c6-d6,c6,d6,Pawn,0,33,35,38,33,14,14,15,14,
16,yellow,Nh5,14,10,4,5,Ng7-h5,g7,h5,Knight,0,33,35,38,33,14,14,15,14,
16,green,Rn10,14,10,4,5,Rn11-n10,n11,n10,Rook,0,33,35,38,33,14,14,15,14,
17,red,h7,14,10,4,5,h6-h7,h6,h7,Pawn,0,33,35,38,33,14,14,15,14,
17,blue,d5,14,10,4,5,c5-d5,c5,d5,Pawn,0,33,35,38,33,14,14,15,14,
17,yellow,Bxm9+,14,10,4,5,Bj12xm9+,j12,m9,Bishop,1,33,35,38,32,14,14,15,13,
17,green,Kn7,14,10,5,5,Kn8-n7,n8,n7,King,0,33,35,38,32,14,14,15,13,
18,red,g6,14,10,5,5,g5-g6,g5,g6,Pawn,0,33,35,38,32,14,14,15,13,
18,blue,5xe4,14,10,5,5,d5xe4,d5,e4,Pawn,1,32,35,38,32,13,14,15,13,
18,yellow,Bk11,14,11,5,5,Bm9-k11,m9,k11,Bishop,0,32,35,38,32,13,14,15,13,
18,green,h10,14,11,5,5,i10-h10,i10,h10,Pawn,0,32,35,38,32,13,14,15,13,
19,red,dxe4,14,11,5,5,d3xe4,d3,e4,Pawn,1,32,34,38,32,13,13,15,13,
19,blue,Nc4,15,11,5,5,Na5-c4,a5,c4,Knight,0,32,34,38,32,13,13,15,13,
19,yellow,Bh8,15,11,5,5,Bk11-h8,k11,h8,Bishop,0,32,34,38,32,13,13,15,13,
19,green,Rk10,15,11,5,5,Rn10-k10,n10,k10,Rook,0,32,34,38,32,13,13,15,13,
20,red,k3,15,11,5,5,k2-k3,k2,k3,Pawn,0,32,34,38,32,13,13,15,13,
20,blue,c11,15,11,5,5,b11-c11,b11,c11,Pawn,0,32,34,38,32,13,13,15,13,
20,yellow,gxh10,15,11,5,5,g11xh10,g11,h10,Pawn,1,32,34,38,31,13,13,15,12,
20,green,Rxh10,15,11,6,5,Rk10xh10,k10,h10,Rook,1,32,34,37,31,13,13,14,12,
21,red,Qg4,15,11,6,6,Qg1-g4,g1,g4,Queen,0,32,34,37,31,13,13,14,12,
21,blue,d9,15,11,6,6,c9-d9,c9,d9,Pawn,0,32,34,37,31,13,13,14,12,
21,yellow,Nf6,15,11,6,6,Nh5-f6,h5,f6,Knight,0,32,34,37,31,13,13,14,12,
21,green,Rxg10,15,11,6,6,Rh10xNg10,h10,g10,Rook,1,32,34,34,31,13,13,13,12,
22,red,Qh4,15,11,6,9,Qg4-h4,g4,h4,Queen,0,32,34,34,31,13,13,13,12,
22,blue,d10,15,11,6,9,b10-d10,b10,d10,Pawn,0,32,34,34,31,13,13,13,12,
22,yellow,f11,15,11,6,9,f13-f11,f13,f11,Pawn,0,32,34,34,31,13,13,13,12,
22,green,Rh10,15,11,6,9,Rg10-h10,g10,h10,Rook,0,32,34,34,31,13,13,13,12,
23,red,Nf3,15,11,6,9,Ne1-f3,e1,f3,Knight,0,32,34,34,31,13,13,13,12,
23,blue,Ne3,15,11,6,9,Nc4-e3,c4,e3,Knight,0,32,34,34,31,13,13,13,12,
23,yellow,Bi9,15,11,6,9,Bh8-i9,h8,i9,Bishop,0,32,34,34,31,13,13,13,12,
23,green,Rn10,15,11,6,9,Rh10-n10,h10,n10,Rook,0,32,34,34,31,13,13,13,12,
24,red,Re1,15,11,6,9,Rd1-e1,d1,e1,Rook,0,32,34,34,31,13,13,13,12,
24,blue,Nc4,15,11,6,9,Ne3-c4,e3,c4,Knight,0,32,34,34,31,13,13,13,12,
24,yellow,Nxe4,15,11,6,9,Nf6xe4,f6,e4,Knight,1,31,34,34,31,12,13,13,12,
24,green,Nj5,15,11,7,9,Nl6-j5,l6,j5,Knight,0,31,34,34,31,12,13,13,12,
25,red,Qi5,15,11,7,9,Qh4-i5,h4,i5,Queen,0,31,34,34,31,12,13,13,12,
25,blue,Ra5,15,11,7,9,Ra4-a5,a4,a5,Rook,0,31,34,34,31,12,13,13,12,
25,yellow,Bh8,15,11,7,9,Bi9-h8,i9,h8,Bishop,0,31,34,34,31,12,13,13,12,
25,green,Rj10,15,11,7,9,Rn10-j10,n10,j10,Rook,0,31,34,34,31,12,13,13,12,
26,red,g7,15,11,7,9,g6-g7,g6,g7,Pawn,0,31,34,34,31,12,13,13,12,
26,blue,Re5,15,11,7,9,Ra5-e5,a5,e5,Rook,0,31,34,34,31,12,13,13,12,
26,yellow,Bj6,15,11,7,9,Bh8-j6,h8,j6,Bishop,0,31,34,34,31,12,13,13,12,
26,green,Rj7,15,11,7,9,Rj10-j7,j10,j7,Rook,0,31,34,34,31,12,13,13,12,
27,red,Qi6,15,11,7,9,Qi5-i6,i5,i6,Queen,0,31,34,34,31,12,13,13,12,
27,blue,Rxe4,15,11,7,9,Re5xNe4,e5,e4,Rook,1,31,34,31,31,12,13,12,12,
27,yellow,Bxe1,15,14,7,9,Bj6xRe1,j6,e1,Bishop,1,26,34,31,31,11,13,12,12,
27,green,Rj8,15,14,12,9,Rj7-j8,j7,j8,Rook,0,26,34,31,31,11,13,12,12,
28,red,h8=Q,15,14,12,9,h7-h8=D,h7,h8,Queen,0,34,34,31,31,11,13,12,12,
28,blue,Rf4,15,14,12,9,Re4-f4,e4,f4,Rook,0,34,34,31,31,11,13,12,12,
28,yellow,Qg14+,15,14,12,9,Qh14-g14+,h14,g14,Queen,0,34,34,31,31,11,13,12,12,
28,green,Rxh8,15,14,12,9,Rj8xQh8,j8,h8,Rook,1,25,34,31,31,10,13,12,12,
29,red,gxh8=Q,15,14,12,10,g7xRh8=D,g7,h8,Queen,1,33,34,31,26,10,13,12,11,
29,blue,d11,20,14,12,10,c11-d11,c11,d11,Pawn,0,33,34,31,26,10,13,12,11,
29,yellow,Bg3,20,14,12,10,Be1-g3,e1,g3,Bishop,0,33,34,31,26,10,13,12,11,
29,green,Nl6,20,14,12,10,Nj5-l6,j5,l6,Knight,0,33,34,31,26,10,13,12,11,
30,red,Qi3,20,14,12,10,Qi6-i3,i6,i3,Queen,0,33,34,31,26,10,13,12,11,
30,blue,Rxf5,20,14,12,10,Rf4xf5,f4,f5,Rook,1,32,34,31,26,9,13,12,11,
30,yellow,Bf2,20,15,12,10,Bg3-f2,g3,f2,Bishop,0,32,34,31,26,9,13,12,11,
30,green,l4,20,15,12,10,m4-l4,m4,l4,Pawn,0,32,34,31,26,9,13,12,11,
31,red,Qxa11+,20,15,12,10,Qi3xRa11+,i3,a11,Queen,1,32,29,31,26,9,12,12,11,
31,blue,Kb8,25,15,12,10,Ka8-b8,a8,b8,King,0,32,29,31,26,9,12,12,11,
31,yellow,Qg3,25,15,12,10,Qg14-g3,g14,g3,Queen,0,32,29,31,26,9,12,12,11,
31,green,Bg2+#,25,15,12,10,Bm8-g2+#,m8,g2,Bishop,0,32,29,31,26,9,12,12,11,red
32,red,,25,15,12,30,,,,Pawn,0,32,29,31,26,9,12,12,11,
32,blue,Ra5,25,15,12,30,Rf5-a5,f5,a5,Rook,0,32,29,31,26,9,12,12,11,
32,yellow,Qxg2,25,15,12,30,Qg3xBg2,g3,g2,Queen,1,32,29,31,21,9,12,12,10,
32,green,Nk11,25,15,17,30,Nl9-k11,l9,k11,Knight,0,32,29,31,21,9,12,12,10,
33,red,,25,15,17,30,,,,Pawn,0,32,29,31,21,9,12,12,10,
33,blue,Ne3,25,15,17,30,Nc4-e3,c4,e3,Knight,0,32,29,31,21,9,12,12,10,
33,yellow,Qn9+,25,15,17,30,Qg2-n9+,g2,n9,Queen,0,32,29,31,21,9,12,12,10,
33,green,Km7,25,15,17,30,Kn7-m7,n7,m7,King,0,32,29,31,21,9,12,12,10,
34,red,,25,15,17,30,,,,Pawn,0,32,29,31,21,9,12,12,10,
34,blue,Qc5,25,15,17,30,Qa7-c5,a7,c5,Queen,0,32,29,31,21,9,12,12,10,
34,yellow,Qxl11,25,15,17,30,Qn9xl11,n9,l11,Queen,1,32,29,31,20,9,12,12,9,
34,green,Nxj13,25,15,18,30,Nk11xj13,k11,j13,Knight,1,32,29,30,20,9,12,11,9,
35,red,,25,15,18,31,,,,Pawn,0,32,29,30,20,9,12,11,9,
35,blue,Qf5,25,15,18,31,Qc5-f5,c5,f5,Queen,0,32,29,30,20,9,12,11,9,
35,yellow,Bxl8+,25,15,18,31,Bf2xl8+,f2,l8,Bishop,1,32,29,30,19,9,12,11,8,
35,green,Kl7,25,15,19,31,Km7-l7,m7,l7,King,0,32,29,30,19,9,12,11,8,
36,red,,25,15,19,31,,,,Pawn,0,32,29,30,19,9,12,11,8,
36,blue,Qxl11,25,15,19,31,Qf5xQl11,f5,l11,Queen,1,32,29,21,19,9,12,10,8,
36,yellow,Bxn6+,25,24,19,31,Bl8xBn6+,l8,n6,Bishop,1,32,29,21,14,9,12,10,7,
36,green,Kk7,25,24,24,31,Kl7-k7,l7,k7,King,0,32,29,21,14,9,12,10,7,
37,red,,25,24,24,31,,,,Pawn,0,32,29,21,14,9,12,10,7,
37,blue,Be4,25,24,24,31,Bb7-e4,b7,e4,Bishop,0,32,29,21,14,9,12,10,7,
37,yellow,Bxm5,25,24,24,31,Bn6xm5,n6,m5,Bishop,1,32,29,21,13,9,12,10,6,
37,green,Nxh12,25,24,25,31,Nj13xh12,j13,h12,Knight,1,32,29,20,13,9,12,9,6,
38,red,,25,24,25,32,,,,Pawn,0,32,29,20,13,9,12,9,6,
38,blue,Qh7+,25,24,25,32,Ql11-h7+,l11,h7,Queen,0,32,29,20,13,9,12,9,6,
38,yellow,Bxn4,25,24,25,32,Bm5xRn4,m5,n4,Bishop,1,32,29,20,8,9,12,9,5,
38,green,Kk8,25,24,30,32,Kk7-k8,k7,k8,King,0,32,29,20,8,9,12,9,5,
39,red,,25,24,30,32,,,,Pawn,0,32,29,20,8,9,12,9,5,
39,blue,Qj9++,25,24,30,32,Qh7-j9++,h7,j9,Queen,0,32,29,20,8,9,12,9,5,
39,yellow,Rf13,25,25,30,32,Rf14-f13,f14,f13,Rook,0,32,29,20,8,9,12,9,5,
39,green,Kk7,25,25,30,32,Kk8-k7,k8,k7,King,0,32,29,20,8,9,12,9,5,
40,red,,25,25,30,32,,,,Pawn,0,32,29,20,8,9,12,9,5,
40,blue,Rn5,25,25,30,32,Ra5-n5,a5,n5,Rook,0,32,29,20,8,9,12,9,5,
40,yellow,Bxl6+,25,25,30,32,Bn4xNl6+,n4,l6,Bishop,1,32,29,20,5,9,12,9,4,
40,green,Kk6,25,25,33,32,Kk7-k6,k7,k6,King,0,32,29,20,5,9,12,9,4,
41,red,,25,25,33,32,,,,Pawn,0,32,29,20,5,9,12,9,4,
41,blue,Qg6+,25,25,33,32,Qj9-g6+,j9,g6,Queen,0,32,29,20,5,9,12,9,4,
41,yellow,Rg14,25,25,33,32,Rk14-g14,k14,g14,Rook,0,32,29,20,5,9,12,9,4,
41,green,Kj7,25,25,33,32,Kk6-j7,k6,j7,King,0,32,29,20,5,9,12,9,4,
42,red,,25,25,33,32,,,,Pawn,0,32,29,20,5,9,12,9,4,
42,blue,Qxl6,25,25,33,32,Qg6xBl6,g6,l6,Queen,1,32,29,15,5,9,12,8,4,
42,yellow,e12,25,30,33,32,e13-e12,e13,e12,Pawn,0,32,29,15,5,9,12,8,4,
42,green,Ki7,25,30,33,32,Kj7-i7,j7,i7,King,0,32,29,15,5,9,12,8,4,
43,red,,25,30,33,32,,,,Pawn,0,32,29,15,5,9,12,8,4,
43,blue,Ri5+,25,30,33,32,Rn5-i5+,n5,i5,Rook,0,32,29,15,5,9,12,8,4,
43,yellow,exd11,25,30,33,32,e12xd11,e12,d11,Pawn,1,32,28,15,5,9,11,8,4,
43,green,Kj7,25,30,34,32,Ki7-j7,i7,j7,King,0,32,28,15,5,9,11,8,4,
44,red,,25,30,34,32,,,,Pawn,0,32,28,15,5,9,11,8,4,
44,blue,Bh7,25,30,34,32,Be4-h7,e4,h7,Bishop,0,32,28,15,5,9,11,8,4,
44,yellow,Rg7,25,30,34,32,Rg14-g7,g14,g7,Rook,0,32,28,15,5,9,11,8,4,
44,green,Nxf13,25,30,34,32,Nh12xRf13,h12,f13,Knight,1,32,28,10,5,9,11,7,4,
45,red,,25,30,34,37,,,,Pawn,0,32,28,10,5,9,11,7,4,
45,blue,Bi6+,25,30,34,37,Bh7-i6+,h7,i6,Bishop,0,32,28,10,5,9,11,7,4,
45,yellow,Kxf13,25,30,34,37,Ke14xNf13,e14,f13,King,1,32,28,10,2,9,11,7,3,
45,green,Ki8,25,30,37,37,Kj7-i8,j7,i8,King,0,32,28,10,2,9,11,7,3,
46,red,,25,30,37,37,,,,Pawn,0,32,28,10,2,9,11,7,3,
46,blue,Nf5,25,30,37,37,Ne3-f5,e3,f5,Knight,0,32,28,10,2,9,11,7,3,
46,yellow,Rg10,25,30,37,37,Rg7-g10,g7,g10,Rook,0,32,28,10,2,9,11,7,3,
46,green,Kh9,25,30,37,37,Ki8-h9,i8,h9,King,0,32,28,10,2,9,11,7,3,
47,red,,25,30,37,37,,,,Pawn,0,32,28,10,2,9,11,7,3,
47,blue,Ng7+,25,30,37,37,Nf5-g7+,f5,g7,Knight,0,32,28,10,2,9,11,7,3,
47,yellow,Rxd10,25,30,37,37,Rg10xd10,g10,d10,Rook,1,32,27,10,2,9,10,7,3,
47,green,Kxh8,25,30,38,37,Kh9xQh8,h9,h8,King,1,32,27,10,2,9,10,7,3,
48,red,,25,30,38,37,,,,Pawn,0,32,27,10,2,9,10,7,3,
48,blue,Ne8,25,30,38,37,Ng7-e8,g7,e8,Knight,0,32,27,10,2,9,10,7,3,
48,yellow,Rb10+,25,30,38,37,Rd10-b10+,d10,b10,Rook,0,32,27,10,2,9,10,7,3,
48,green,k4,25,30,38,37,l4-k4,l4,k4,Pawn,0,32,27,10,2,9,10,7,3,
49,red,,25,30,38,37,,,,Pawn,0,32,27,10,2,9,10,7,3,
49,blue,Kc9,25,30,38,37,Kb8-c9,b8,c9,King,0,32,27,10,2,9,10,7,3,
49,yellow,Rh10+,25,30,38,37,Rb10-h10+,b10,h10,Rook,0,32,27,10,2,9,10,7,3,
49,green,Ki7,25,30,38,37,Kh8-i7,h8,i7,King,0,32,27,10,2,9,10,7,3,
50,red,,25,30,38,37,,,,Pawn,0,32,27,10,2,9,10,7,3,
50,blue,Qxh10,25,30,38,37,Ql6xRh10,l6,h10,Queen,1,32,27,5,2,9,10,6,3,
50,yellow,d10+,25,35,38,37,d11-d10+,d11,d10,Pawn,0,32,27,5,2,9,10,6,3,
50,green,j4,25,35,38,37,k4-j4,k4,j4,Pawn,0,32,27,5,2,9,10,6,3,
51,red,,25,35,38,37,,,,Pawn,0,32,27,5,2,9,10,6,3,
51,blue,Kxd10,25,35,38,37,Kc9xd10,c9,d10,King,1,32,27,4,2,9,10,5,3,
51,yellow,f10,25,36,38,37,f11-f10,f11,f10,Pawn,0,32,27,4,2,9,10,5,3,
51,green,4xi5,25,36,38,37,j4xRi5,j4,i5,Pawn,1,32,22,4,2,9,9,5,3,
52,red,,25,36,38,42,,,,Pawn,0,32,22,4,2,9,9,5,3,
52,blue,Bk8+,25,36,38,42,Bi6-k8+,i6,k8,Bishop,0,32,22,4,2,9,9,5,3,
52,yellow,Kf14,25,36,38,42,Kf13-f14,f13,f14,King,0,32,22,4,2,9,9,5,3,
52,green,h5,25,36,38,42,i5-h5,i5,h5,Pawn,0,32,22,4,2,9,9,5,3,
53,red,,25,36,38,42,,,,Pawn,0,32,22,4,2,9,9,5,3,
53,blue,Qxf10++,25,36,38,42,Qh10xf10++,h10,f10,Queen,1,32,22,3,2,9,9,4,3,
53,yellow,Kg14,25,38,38,42,Kf14-g14,f14,g14,King,0,32,22,3,2,9,9,4,3,
53,green,Kh6,25,38,38,42,Ki7-h6,i7,h6,King,0,32,22,3,2,9,9,4,3,
54,red,,25,38,38,42,,,,Pawn,0,32,22,3,2,9,9,4,3,
54,blue,Bf13+,25,38,38,42,Bk8-f13+,k8,f13,Bishop,0,32,22,3,2,9,9,4,3,
54,yellow,Kh13,25,38,38,42,Kg14-h13,g14,h13,King,0,32,22,3,2,9,9,4,3,
54,green,g5=Q,25,38,38,42,h5-g5=D,h5,g5,Queen,0,32,22,3,10,9,9,4,3,
55,red,,25,38,38,42,,,,Pawn,0,32,22,3,10,9,9,4,3,
55,blue,Qf8+,25,38,38,42,Qf10-f8+,f10,f8,Queen,0,32,22,3,10,9,9,4,3,
55,yellow,k11,25,38,38,42,k13-k11,k13,k11,Pawn,0,32,22,3,10,9,9,4,3,
55,green,Qg7,25,38,38,42,Qg5-g7,g5,g7,Queen,0,32,22,3,10,9,9,4,3,
56,red,,25,38,38,42,,,,Pawn,0,32,22,3,10,9,9,4,3,
56,blue,Qxg7+,25,38,38,42,Qf8xQg7+,f8,g7,Queen,1,32,22,3,1,9,9,4,2,
56,yellow,k10,25,39,38,42,k11-k10,k11,k10,Pawn,0,32,22,3,1,9,9,4,2,
56,green,Ki6,25,39,38,42,Kh6-i6,h6,i6,King,0,32,22,3,1,9,9,4,2,
57,red,,25,39,38,42,,,,Pawn,0,32,22,3,1,9,9,4,2,
57,blue,Qm7,25,39,38,42,Qg7-m7,g7,m7,Queen,0,32,22,3,1,9,9,4,2,
57,yellow,i11,25,39,38,42,i12-i11,i12,i11,Pawn,0,32,22,3,1,9,9,4,2,
57,green,k6,25,39,38,42,m6-k6,m6,k6,Pawn,0,32,22,3,1,9,9,4,2,
58,red,,25,39,38,42,,,,Pawn,0,32,22,3,1,9,9,4,2,
58,blue,Qxi11+,25,39,38,42,Qm7xi11+,m7,i11,Queen,1,32,22,2,1,9,9,3,2,
58,yellow,k9,25,40,38,42,k10-k9,k10,k9,Pawn,0,32,22,2,1,9,9,3,2,
58,green,Kj6,25,40,38,42,Ki6-j6,i6,j6,King,0,32,22,2,1,9,9,3,2,
59,red,,25,40,38,42,,,,Pawn,0,32,22,2,1,9,9,3,2,
59,blue,Qxk9,25,40,38,42,Qi11xk9,i11,k9,Queen,1,32,22,1,1,9,9,2,2,
59,yellow,d11,25,41,38,42,d13-d11,d13,d11,Pawn,0,32,22,1,1,9,9,2,2,
59,green,Kj7,25,41,38,42,Kj6-j7,j6,j7,King,0,32,22,1,1,9,9,2,2,
60,red,,25,41,38,42,,,,Pawn,0,32,22,1,1,9,9,2,2,
60,blue,Kxd11,25,41,38,42,Kd10xd11,d10,d11,King,1,32,22,0,1,9,9,1,2,
60,yellow,R Ki14,25,42,38,42,Kh13-i14R,h13,i14,King,0,32,22,0,1,9,9,1,2,
60,green,j6,25,42,38,42,k6-j6,k6,j6,Pawn,0,32,22,0,1,9,9,1,2,
61,red,,25,42,38,42,,,,Pawn,0,32,22,0,1,9,9,1,2,
61,blue,Bg12+,25,42,38,42,Bf13-g12+,f13,g12,Bishop,0,32,22,0,1,9,9,1,2,
61,yellow,Kj14,25,42,38,42,Ki14-j14,i14,j14,King,0,32,22,0,1,9,9,1,2,
61,green,i6,25,42,38,42,j6-i6,j6,i6,Pawn,0,32,22,0,1,9,9,1,2,
62,red,,25,42,38,42,,,,Pawn,0,32,22,0,1,9,9,1,2,
62,blue,Qi9,25,42,38,42,Qk9-i9,k9,i9,Queen,0,32,22,0,1,9,9,1,2,
62,yellow,Kk14,25,42,38,42,Kj14-k14,j14,k14,King,0,32,22,0,1,9,9,1,2,
62,green,h6,25,42,38,42,i6-h6,i6,h6,Pawn,0,32,22,0,1,9,9,1,2,
63,red,,25,42,38,42,,,,Pawn,0,32,22,0,1,9,9,1,2,
63,blue,Qf6,25,42,38,42,Qi9-f6,i9,f6,Queen,0,32,22,0,1,9,9,1,2,
63,yellow,Kj14,25,42,38,42,Kk14-j14,k14,j14,King,0,32,22,0,1,9,9,1,2,
63,green,Ki6,25,42,38,42,Kj7-i6,j7,i6,King,0,32,22,0,1,9,9,1,2,
64,red,,25,42,38,42,,,,Pawn,0,32,22,0,1,9,9,1,2,
64,blue,Bj9,25,42,38,42,Bg12-j9,g12,j9,Bishop,0,32,22,0,1,9,9,1,2,
64,yellow,Ki14,25,42,38,42,Kj14-i14,j14,i14,King,0,32,22,0,1,9,9,1,2,
64,green,Kh5,25,42,38,42,Ki6-h5,i6,h5,King,0,32,22,0,1,9,9,1,2,
65,red,,25,42,38,42,,,,Pawn,0,32,22,0,1,9,9,1,2,
65,blue,Qg6+,25,42,38,42,Qf6-g6+,f6,g6,Queen,0,32,22,0,1,9,9,1,2,
65,yellow,Kh13,25,42,38,42,Ki14-h13,i14,h13,King,0,32,22,0,1,9,9,1,2,
65,green,Ki6,25,42,38,42,Kh5-i6,h5,i6,King,0,32,22,0,1,9,9,1,2,
66,red,,25,42,38,42,,,,Pawn,0,32,22,0,1,9,9,1,2,
66,blue,Qh7++,25,42,38,42,Qg6-h7++,g6,h7,Queen,0,32,22,0,1,9,9,1,2,
66,yellow,Kg14,25,42,38,42,Kh13-g14,h13,g14,King,0,32,22,0,1,9,9,1,2,
66,green,Kh5,25,42,38,42,Ki6-h5,i6,h5,King,0,32,22,0,1,9,9,1,2,
67,red,,25,42,38,42,,,,Pawn,0,32,22,0,1,9,9,1,2,
67,blue,e7,25,42,38,42,d7-e7,d7,e7,Pawn,0,32,22,0,1,9,9,1,2,
67,yellow,Kg13,25,42,38,42,Kg14-g13,g14,g13,King,0,32,22,0,1,9,9,1,2,
67,green,Kg5,25,42,38,42,Kh5-g5,h5,g5,King,0,32,22,0,1,9,9,1,2,
68,red,,25,42,38,42,,,,Pawn,0,32,22,0,1,9,9,1,2,
68,blue,f7,25,42,38,42,e7-f7,e7,f7,Pawn,0,32,22,0,1,9,9,1,2,
68,yellow,Kg14,25,42,38,42,Kg13-g14,g13,g14,King,0,32,22,0,1,9,9,1,2,
68,green,g6=Q+,25,42,38,42,h6-g6=D+,h6,g6,Queen,0,32,22,0,9,9,9,1,2,
69,red,,25,42,38,42,,,,Pawn,0,32,22,0,9,9,9,1,2,
69,blue,7xg6,25,42,38,42,f7xQg6,f7,g6,Pawn,1,32,22,0,0,9,9,1,1,
69,yellow,Kf14,25,43,38,42,Kg14-f14,g14,f14,King,0,32,22,0,0,9,9,1,1,
69,green,Kg4,25,43,38,42,Kg5-g4,g5,g4,King,0,32,22,0,0,9,9,1,1,
70,red,,25,43,38,42,,,,Pawn,0,32,22,0,0,9,9,1,1,
70,blue,Qi6+,25,43,38,42,Qh7-i6+,h7,i6,Queen,0,32,22,0,0,9,9,1,1,
70,yellow,Kg13,25,43,38,42,Kf14-g13,f14,g13,King,0,32,22,0,0,9,9,1,1,
70,green,Kf5,25,43,38,42,Kg4-f5,g4,f5,King,0,32,22,0,0,9,9,1,1,
71,red,,25,43,38,42,,,,Pawn,0,32,22,0,0,9,9,1,1,
71,blue,h6=Q+#,25,43,38,42,g6-h6=D+#,g6,h6,Queen,0,32,30,0,0,9,9,1,1,green
71,yellow,,25,83,38,42,,,,Pawn,0,32,30,0,0,9,9,1,1,
71,green,,25,83,38,42,,,,Pawn,0,32,30,0,0,9,9,1,1,
